Pattern,Scores
01H,3.0
02H,2.5
03H,2.5
04H,5.0
05H,3.333333333333333
06H,2.5
07H,6.0
08H,3.333333333333333
09H,5.0
10H,3.0
11H,5.0
12H,5.0
13H,3.333333333333333
14H,3.0
15H,5.0
16H,5.0
17H,3.333333333333333
18H,3.0
19H,5.0
20H,2.0
21H,3.333333333333333
22H,2.5
23H,5.0
24H,5.0
25H,3.0
26H,3.333333333333333
27H,3.333333333333333
28H,5.0
29H,3.333333333333333
30H,2.5
