Pattern,Scores
01C,3.0
02C,2.5
03C,2.5
04C,5.0
05C,3.333333333333333
06C,2.5
07C,6.0
08C,3.333333333333333
09C,5.0
10C,3.0
11C,5.0
12C,5.0
13C,3.333333333333333
14C,3.0
15C,5.0
16C,5.0
17C,3.333333333333333
18C,3.0
19C,5.0
20C,2.0
21C,3.333333333333333
22C,2.5
23C,5.0
24C,5.0
25C,3.0
26C,3.333333333333333
27C,3.333333333333333
28C,5.0
29C,3.333333333333333
30C,2.5
