Pattern,Scores
01R,3.0
02R,2.5
03R,2.5
04R,5.0
05R,3.333333333333333
06R,2.5
07R,6.0
08R,3.333333333333333
09R,5.0
10R,3.0
11R,5.0
12R,5.0
13R,3.333333333333333
14R,3.0
15R,5.0
16R,5.0
17R,3.333333333333333
18R,3.0
19R,5.0
20R,2.0
21R,3.333333333333333
22R,2.5
23R,5.0
24R,5.0
25R,3.0
26R,3.333333333333333
27R,3.333333333333333
28R,5.0
29R,3.333333333333333
30R,2.5
